-- phpMyAdmin SQL Dump
-- version 3.5.1
-- http://www.phpmyadmin.net
--
-- Хост: 127.0.0.1
-- Время создания: Окт 24 2015 г., 22:18
-- Версия сервера: 5.5.25
-- Версия PHP: 5.3.13

SET SQL_MODE="NO_AUTO_VALUE_ON_ZERO";
SET time_zone = "+00:00";


/*!40101 SET @OLD_CHARACTER_SET_CLIENT=@@CHARACTER_SET_CLIENT */;
/*!40101 SET @OLD_CHARACTER_SET_RESULTS=@@CHARACTER_SET_RESULTS */;
/*!40101 SET @OLD_COLLATION_CONNECTION=@@COLLATION_CONNECTION */;
/*!40101 SET NAMES utf8 */;

--
-- База данных: `timetable`
--

-- --------------------------------------------------------

--
-- Структура таблицы `couriers`
--

CREATE TABLE IF NOT EXISTS `couriers` (
  `id` int(11) NOT NULL AUTO_INCREMENT,
  `name` varchar(255) NOT NULL,
  `second_name` varchar(255) NOT NULL,
  `last_name` varchar(255) NOT NULL,
  PRIMARY KEY (`id`)
) ENGINE=InnoDB  DEFAULT CHARSET=utf8 AUTO_INCREMENT=11 ;

--
-- Дамп данных таблицы `couriers`
--

INSERT INTO `couriers` (`id`, `name`, `second_name`, `last_name`) VALUES
(1, 'Роман', 'Винник', 'Петров'),
(2, 'Алексей', 'Золотарев', 'Романов'),
(3, 'Василий', 'Ежевика', 'Яковлев'),
(4, 'Алексей', 'Черешня', 'Андреевич'),
(5, 'Василий', 'Малина', 'Александрович'),
(6, 'Иван', 'Дыня', 'Петров'),
(7, 'Александр', 'Ежевика', 'Андреевич'),
(8, 'Степан', 'Тыква', 'Осипович'),
(9, 'Геннадий', 'Ежов', 'Степанович'),
(10, 'Прохор', 'Черешня', 'Андреевич');

-- --------------------------------------------------------

--
-- Структура таблицы `regions`
--

CREATE TABLE IF NOT EXISTS `regions` (
  `id` int(11) NOT NULL AUTO_INCREMENT,
  `title` varchar(255) NOT NULL,
  `days_there` int(11) NOT NULL,
  `days_back` int(11) NOT NULL,
  PRIMARY KEY (`id`)
) ENGINE=InnoDB  DEFAULT CHARSET=utf8 AUTO_INCREMENT=13 ;

--
-- Дамп данных таблицы `regions`
--

INSERT INTO `regions` (`id`, `title`, `days_there`, `days_back`) VALUES
(2, 'Уфа', 5, 5),
(4, 'Санкт-Петербург', 6, 6),
(5, 'Нижний Новгород', 2, 2),
(6, 'Владимир', 7, 7),
(7, 'Кострома', 8, 8),
(8, 'Екатеринбург', 3, 3),
(9, 'Ковров', 1, 1),
(10, 'Воронеж', 5, 5),
(11, 'Самара', 7, 7),
(12, 'Астрахань', 9, 9);

-- --------------------------------------------------------

--
-- Структура таблицы `timetable`
--

CREATE TABLE IF NOT EXISTS `timetable` (
  `id` int(11) NOT NULL AUTO_INCREMENT,
  `id_region` int(11) NOT NULL,
  `id_couriers` int(11) NOT NULL,
  `date_out` date NOT NULL,
  `date_in` date NOT NULL,
  `date_back` date NOT NULL,
  PRIMARY KEY (`id`)
) ENGINE=InnoDB  DEFAULT CHARSET=utf8 AUTO_INCREMENT=151 ;

--
-- Дамп данных таблицы `timetable`
--

INSERT INTO `timetable` (`id`, `id_region`, `id_couriers`, `date_out`, `date_in`, `date_back`) VALUES
(1, 7, 1, '2015-06-01', '2015-06-09', '2015-06-17'),
(2, 4, 2, '2015-06-01', '2015-06-07', '2015-06-13'),
(3, 4, 3, '2015-06-01', '2015-06-07', '2015-06-13'),
(4, 9, 4, '2015-06-01', '2015-06-02', '2015-06-03'),
(5, 5, 5, '2015-06-01', '2015-06-03', '2015-06-05'),
(6, 5, 6, '2015-06-01', '2015-06-03', '2015-06-05'),
(7, 8, 7, '2015-06-01', '2015-06-04', '2015-06-07'),
(8, 10, 8, '2015-06-01', '2015-06-06', '2015-06-11'),
(9, 8, 9, '2015-06-01', '2015-06-04', '2015-06-07'),
(10, 5, 10, '2015-06-01', '2015-06-03', '2015-06-05'),
(11, 12, 4, '2015-06-04', '2015-06-13', '2015-06-22'),
(12, 6, 5, '2015-06-06', '2015-06-13', '2015-06-20'),
(13, 6, 6, '2015-06-06', '2015-06-13', '2015-06-20'),
(14, 10, 10, '2015-06-06', '2015-06-11', '2015-06-16'),
(15, 2, 7, '2015-06-08', '2015-06-13', '2015-06-18'),
(16, 10, 9, '2015-06-08', '2015-06-13', '2015-06-18'),
(17, 12, 8, '2015-06-12', '2015-06-21', '2015-06-30'),
(18, 10, 2, '2015-06-14', '2015-06-19', '2015-06-24'),
(19, 2, 3, '2015-06-14', '2015-06-19', '2015-06-24'),
(20, 12, 10, '2015-06-17', '2015-06-26', '2015-07-05'),
(21, 8, 1, '2015-06-18', '2015-06-21', '2015-06-24'),
(22, 11, 7, '2015-06-19', '2015-06-26', '2015-07-03'),
(23, 10, 9, '2015-06-19', '2015-06-24', '2015-06-29'),
(24, 2, 5, '2015-06-21', '2015-06-26', '2015-07-01'),
(25, 6, 6, '2015-06-21', '2015-06-28', '2015-07-05'),
(26, 6, 4, '2015-06-23', '2015-06-30', '2015-07-07'),
(27, 6, 1, '2015-06-25', '2015-07-02', '2015-07-09'),
(28, 2, 2, '2015-06-25', '2015-06-30', '2015-07-05'),
(29, 8, 3, '2015-06-25', '2015-06-28', '2015-07-01'),
(30, 9, 9, '2015-06-30', '2015-07-01', '2015-07-02'),
(31, 9, 8, '2015-07-01', '2015-07-02', '2015-07-03'),
(32, 5, 3, '2015-07-02', '2015-07-04', '2015-07-06'),
(33, 7, 5, '2015-07-02', '2015-07-10', '2015-07-18'),
(34, 11, 9, '2015-07-03', '2015-07-10', '2015-07-17'),
(35, 9, 7, '2015-07-04', '2015-07-05', '2015-07-06'),
(36, 8, 8, '2015-07-04', '2015-07-07', '2015-07-10'),
(37, 4, 2, '2015-07-06', '2015-07-12', '2015-07-18'),
(38, 9, 6, '2015-07-06', '2015-07-07', '2015-07-08'),
(39, 5, 10, '2015-07-06', '2015-07-08', '2015-07-10'),
(40, 4, 3, '2015-07-07', '2015-07-13', '2015-07-19'),
(41, 4, 7, '2015-07-07', '2015-07-13', '2015-07-19'),
(42, 2, 4, '2015-07-08', '2015-07-13', '2015-07-18'),
(43, 9, 6, '2015-07-09', '2015-07-10', '2015-07-11'),
(44, 2, 1, '2015-07-10', '2015-07-15', '2015-07-20'),
(45, 5, 8, '2015-07-11', '2015-07-13', '2015-07-15'),
(46, 9, 10, '2015-07-11', '2015-07-12', '2015-07-13'),
(47, 7, 6, '2015-07-12', '2015-07-20', '2015-07-28'),
(48, 8, 10, '2015-07-14', '2015-07-17', '2015-07-20'),
(49, 12, 8, '2015-07-16', '2015-07-25', '2015-08-03'),
(50, 8, 9, '2015-07-18', '2015-07-21', '2015-07-24'),
(51, 12, 2, '2015-07-19', '2015-07-28', '2015-08-06'),
(52, 7, 4, '2015-07-19', '2015-07-27', '2015-08-04'),
(53, 6, 5, '2015-07-19', '2015-07-26', '2015-08-02'),
(54, 7, 3, '2015-07-20', '2015-07-28', '2015-08-05'),
(55, 12, 7, '2015-07-20', '2015-07-29', '2015-08-07'),
(56, 4, 1, '2015-07-21', '2015-07-27', '2015-08-02'),
(57, 11, 10, '2015-07-21', '2015-07-28', '2015-08-04'),
(58, 5, 9, '2015-07-25', '2015-07-27', '2015-07-29'),
(59, 8, 6, '2015-07-29', '2015-08-01', '2015-08-04'),
(60, 7, 9, '2015-07-30', '2015-08-07', '2015-08-15'),
(61, 6, 1, '2015-08-03', '2015-08-10', '2015-08-17'),
(62, 10, 5, '2015-08-03', '2015-08-08', '2015-08-13'),
(63, 8, 8, '2015-08-04', '2015-08-07', '2015-08-10'),
(64, 10, 4, '2015-08-05', '2015-08-10', '2015-08-15'),
(65, 6, 6, '2015-08-05', '2015-08-12', '2015-08-19'),
(66, 11, 10, '2015-08-05', '2015-08-12', '2015-08-19'),
(67, 2, 3, '2015-08-06', '2015-08-11', '2015-08-16'),
(68, 11, 2, '2015-08-07', '2015-08-14', '2015-08-21'),
(69, 12, 7, '2015-08-08', '2015-08-17', '2015-08-26'),
(70, 6, 8, '2015-08-11', '2015-08-18', '2015-08-25'),
(71, 11, 5, '2015-08-14', '2015-08-21', '2015-08-28'),
(72, 2, 4, '2015-08-16', '2015-08-21', '2015-08-26'),
(73, 7, 9, '2015-08-16', '2015-08-24', '2015-09-01'),
(74, 4, 3, '2015-08-17', '2015-08-23', '2015-08-29'),
(75, 5, 1, '2015-08-18', '2015-08-20', '2015-08-22'),
(76, 5, 6, '2015-08-20', '2015-08-22', '2015-08-24'),
(77, 12, 10, '2015-08-20', '2015-08-29', '2015-09-07'),
(78, 12, 2, '2015-08-22', '2015-08-31', '2015-09-09'),
(79, 10, 1, '2015-08-23', '2015-08-28', '2015-09-02'),
(80, 10, 6, '2015-08-25', '2015-08-30', '2015-09-04'),
(81, 11, 8, '2015-08-26', '2015-09-02', '2015-09-09'),
(82, 10, 4, '2015-08-27', '2015-09-01', '2015-09-06'),
(83, 11, 7, '2015-08-27', '2015-09-03', '2015-09-10'),
(84, 7, 5, '2015-08-29', '2015-09-06', '2015-09-14'),
(85, 2, 3, '2015-08-30', '2015-09-04', '2015-09-09'),
(86, 5, 9, '2015-09-02', '2015-09-04', '2015-09-06'),
(87, 2, 1, '2015-09-03', '2015-09-08', '2015-09-13'),
(88, 9, 6, '2015-09-05', '2015-09-06', '2015-09-07'),
(89, 4, 4, '2015-09-07', '2015-09-13', '2015-09-19'),
(90, 8, 9, '2015-09-07', '2015-09-10', '2015-09-13'),
(91, 8, 6, '2015-09-08', '2015-09-11', '2015-09-14'),
(92, 5, 10, '2015-09-08', '2015-09-10', '2015-09-12'),
(93, 2, 2, '2015-09-10', '2015-09-15', '2015-09-20'),
(94, 5, 3, '2015-09-10', '2015-09-12', '2015-09-14'),
(95, 5, 8, '2015-09-10', '2015-09-12', '2015-09-14'),
(96, 8, 7, '2015-09-11', '2015-09-14', '2015-09-17'),
(97, 4, 10, '2015-09-13', '2015-09-19', '2015-09-25'),
(98, 5, 1, '2015-09-14', '2015-09-16', '2015-09-18'),
(99, 5, 9, '2015-09-14', '2015-09-16', '2015-09-18'),
(100, 7, 3, '2015-09-15', '2015-09-23', '2015-10-01'),
(101, 9, 5, '2015-09-15', '2015-09-16', '2015-09-17'),
(102, 6, 6, '2015-09-15', '2015-09-22', '2015-09-29'),
(103, 6, 8, '2015-09-15', '2015-09-22', '2015-09-29'),
(104, 4, 5, '2015-09-18', '2015-09-24', '2015-09-30'),
(105, 10, 7, '2015-09-18', '2015-09-23', '2015-09-28'),
(106, 9, 1, '2015-09-19', '2015-09-20', '2015-09-21'),
(107, 9, 9, '2015-09-19', '2015-09-20', '2015-09-21'),
(108, 9, 4, '2015-09-20', '2015-09-21', '2015-09-22'),
(109, 8, 2, '2015-09-21', '2015-09-24', '2015-09-27'),
(110, 8, 1, '2015-09-22', '2015-09-25', '2015-09-28'),
(111, 12, 9, '2015-09-22', '2015-10-01', '2015-10-10'),
(112, 5, 4, '2015-09-23', '2015-09-25', '2015-09-27'),
(113, 8, 10, '2015-09-26', '2015-09-29', '2015-10-02'),
(114, 6, 2, '2015-09-28', '2015-10-05', '2015-10-12'),
(115, 7, 4, '2015-09-28', '2015-10-06', '2015-10-14'),
(116, 10, 1, '2015-09-29', '2015-10-04', '2015-10-09'),
(117, 9, 7, '2015-09-29', '2015-09-30', '2015-10-01'),
(118, 8, 6, '2015-09-30', '2015-10-03', '2015-10-06'),
(119, 12, 8, '2015-09-30', '2015-10-09', '2015-10-18'),
(120, 8, 5, '2015-10-01', '2015-10-04', '2015-10-07'),
(121, 6, 3, '2015-10-02', '2015-10-09', '2015-10-16'),
(122, 5, 7, '2015-10-02', '2015-10-04', '2015-10-06'),
(123, 7, 10, '2015-10-03', '2015-10-11', '2015-10-19'),
(124, 7, 6, '2015-10-07', '2015-10-15', '2015-10-23'),
(125, 8, 7, '2015-10-07', '2015-10-10', '2015-10-13'),
(126, 2, 5, '2015-10-08', '2015-10-13', '2015-10-18'),
(127, 12, 1, '2015-10-10', '2015-10-19', '2015-10-28'),
(128, 11, 9, '2015-10-11', '2015-10-18', '2015-10-25'),
(129, 11, 2, '2015-10-13', '2015-10-20', '2015-10-27'),
(130, 2, 7, '2015-10-14', '2015-10-19', '2015-10-24'),
(131, 7, 4, '2015-10-15', '2015-10-23', '2015-10-31'),
(132, 7, 3, '2015-10-17', '2015-10-25', '2015-11-02'),
(133, 4, 5, '2015-10-19', '2015-10-25', '2015-10-31'),
(134, 11, 8, '2015-10-19', '2015-10-26', '2015-11-02'),
(135, 10, 10, '2015-10-20', '2015-10-25', '2015-10-30'),
(136, 10, 6, '2015-10-24', '2015-10-29', '2015-11-03'),
(137, 11, 7, '2015-10-25', '2015-11-01', '2015-11-08'),
(147, 5, 9, '2015-10-31', '2015-11-02', '2015-11-04'),
(150, 5, 1, '2015-11-15', '2015-11-17', '2015-11-19');

/*!40101 SET CHARACTER_SET_CLIENT=@OLD_CHARACTER_SET_CLIENT */;
/*!40101 SET CHARACTER_SET_RESULTS=@OLD_CHARACTER_SET_RESULTS */;
/*!40101 SET COLLATION_CONNECTION=@OLD_COLLATION_CONNECTION */;
